-9.739391734851799987e-01,-9.769443588019696145e-01,-1.001318662330253018e+00
-9.153859787868141584e-01,-9.224020002504558224e-01,-9.403111887504356226e-01
-8.969476536711866732e-01,-8.780385634537694051e-01,-9.082073064694149434e-01
-8.672451831646658116e-01,-8.796118164893959035e-01,-8.745916758960741166e-01
-8.567561736535704853e-01,-8.281579791078749198e-01,-8.533593956199870822e-01
-8.705889433999594029e-01,-8.896721771504937371e-01,-8.792625417825922218e-01
-8.424208995052998583e-01,-8.504684875175018144e-01,-8.199899104810117745e-01
-8.449535574087048140e-01,-8.718702284877124509e-01,-8.605019373603405297e-01
-7.946770053026589453e-01,-7.846920626287837708e-01,-8.188916225649928160e-01
-7.528436500022400724e-01,-7.406394096706069297e-01,-7.245997359608796762e-01
-7.578736603872502364e-01,-7.852421437490360034e-01,-7.452631622276396639e-01
-7.583729197838685598e-01,-7.473810229938104843e-01,-7.724728151660794628e-01
-7.158536342903987215e-01,-7.417612968763115378e-01,-7.236502077735187388e-01
-7.098914641852840379e-01,-7.208399469014997729e-01,-7.160869056330336768e-01
-6.940021295069609408e-01,-6.640918362121720486e-01,-7.226782967948434111e-01
-6.436315334415114719e-01,-6.471916608499949097e-01,-6.696586431587658872e-01
-6.469079841422376020e-01,-6.489495617829983409e-01,-6.709258081445338417e-01
-6.471768252690996981e-01,-6.473950005941998542e-01,-6.405173825048446901e-01
-6.154971682912084852e-01,-6.086181001981744165e-01,-6.170265550907263474e-01
-5.824367631013895874e-01,-5.552874807386336542e-01,-5.818317429169056476e-01
-5.852059193465857234e-01,-5.861866726180695597e-01,-6.075910701124856983e-01
-5.751061100938602566e-01,-6.032281907776292362e-01,-5.972697559958395352e-01
-5.101077206116952922e-01,-4.827336305411283335e-01,-5.219012077251610204e-01
-5.088613720646425476e-01,-5.311612241348980801e-01,-4.890386914799940699e-01
-4.797577557929755820e-01,-5.062050711951937565e-01,-4.737981854228646705e-01
-4.579426586402732813e-01,-4.300793891989509454e-01,-4.461476142745109952e-01
-4.375448248951006036e-01,-4.186290931232959922e-01,-4.082093435193012709e-01
-4.069325275734013703e-01,-4.101612359030389898e-01,-3.935057470390748713e-01
-4.354630375918872587e-01,-4.492588303219489099e-01,-4.345784497667126156e-01
-3.707894054699333308e-01,-3.555203657236940540e-01,-3.479025128665055311e-01
-3.959668312122910927e-01,-4.121256332658286281e-01,-4.157885973427452031e-01
-3.590407157817807060e-01,-3.824879146345538383e-01,-3.838186520885372710e-01
-3.469919933208192031e-01,-3.719539032244604804e-01,-3.457516003170320040e-01
-3.137799996287451987e-01,-3.414438623268632456e-01,-3.197915590215207882e-01
-3.144824429437975133e-01,-3.056584719696892605e-01,-2.940180502005285135e-01
-2.973625983623179314e-01,-3.007986611551909939e-01,-3.078834171535469455e-01
-2.401955888739384648e-01,-2.678028481154047791e-01,-2.326826513041490296e-01
-2.411152723001142029e-01,-2.383800047254603371e-01,-2.682604191345947520e-01
-2.480461559033652064e-01,-2.608756660724050880e-01,-2.595030069865028599e-01
-1.984809129107297232e-01,-2.217830005127038318e-01,-2.215726995302569613e-01
-1.875148472204320460e-01,-1.668858321982288617e-01,-2.055773487082422080e-01
-1.634805359262737345e-01,-1.839173291338061234e-01,-1.383305141677877992e-01
-1.643681041987092029e-01,-1.531898130735256380e-01,-1.702139642320134871e-01
-1.545233472124433738e-01,-1.747016245142321567e-01,-1.742192175703873303e-01
-9.486868887880049728e-02,-1.086337378113764879e-01,-1.126025716292230888e-01
-8.771312268852798910e-02,-7.809722330567443749e-02,-6.441101331360618576e-02
-6.830343091251082910e-02,-7.872608942890708950e-02,-4.373937297791330447e-02
-5.960740338503981578e-02,-8.427054661493528498e-02,-4.002944315972284395e-02
-2.364436423885975941e-03,-7.625590344052387941e-03,1.453482663712873241e-02
1.486726409235697779e-02,3.471724328022876560e-02,1.424342925854267528e-02
2.331079093900000065e-02,5.654150596660519751e-03,2.071780511774352559e-02
5.452810735364120587e-02,6.812559708953402904e-02,5.830348171956385023e-02
7.016988876943044962e-02,7.345195566744751325e-02,9.982390217911364660e-02
6.442484637662154734e-02,8.921577690042670206e-02,3.919866410592462436e-02
7.191755449339191919e-02,5.000190784868437099e-02,6.856941106541013242e-02
9.725141043844254263e-02,7.428203974854682978e-02,1.080502522598323495e-01
1.265877888187585676e-01,1.527721534063188613e-01,1.535035049321365752e-01
1.157127680588522778e-01,9.350192608034763042e-02,1.206835428226179230e-01
1.533323964994894317e-01,1.789027340178485637e-01,1.807876236234329803e-01
1.746410285419450481e-01,1.742870349119492734e-01,2.002974850048297450e-01
1.746601674541778948e-01,1.878062066155356813e-01,1.528784092805965389e-01
2.250217170530724731e-01,2.279497074351055641e-01,2.548505965307287791e-01
2.181553640514953818e-01,2.023271054508867517e-01,2.117474174166495970e-01
2.864206874396714730e-01,2.663730362959004783e-01,2.956338847358379596e-01
2.954195083359141827e-01,2.782937292717683198e-01,3.136691655898764530e-01
3.225262358778686056e-01,3.109215353604025678e-01,3.224712063746105195e-01
3.136026467443217558e-01,3.028859895522326706e-01,3.363914366707710935e-01
3.196402425705121564e-01,3.402527581542789670e-01,3.287719582720726730e-01
3.615373854882474314e-01,3.652817704703240631e-01,3.743121556784397286e-01
3.617328048582277855e-01,3.747348039907923423e-01,3.474594130834867678e-01
3.820073983501436343e-01,4.094459978076531725e-01,3.975191830191827647e-01
3.907332465017877565e-01,3.954576819094612894e-01,3.962182171646959628e-01
4.275551206142951255e-01,4.148678486449264846e-01,4.554224494391513334e-01
4.577110236290178880e-01,4.293186772485241831e-01,4.549458547071308923e-01
4.567676384765910758e-01,4.799167462797121475e-01,4.579287895267085129e-01
4.908771667581150466e-01,5.113307503977965185e-01,4.667097694982804135e-01
4.852935334798691991e-01,5.146074019308648495e-01,4.631380584685909074e-01
5.082519245762400217e-01,5.292539976507479871e-01,5.340332459546671684e-01
5.522421948051561280e-01,5.554991353934662923e-01,5.505963142190124504e-01
5.595529896397214431e-01,5.862484944298835821e-01,5.889109587876895091e-01
5.728916982301123229e-01,5.539697956127113132e-01,5.769532974034100592e-01
5.781501926566178229e-01,5.934453765018360416e-01,6.031636687901986704e-01
6.273422630336573658e-01,6.408266055694489260e-01,6.508938815437838032e-01
6.494430715999629511e-01,6.221267489289530328e-01,6.785770801043027323e-01
6.568960211661496462e-01,6.844398824070699883e-01,6.313787902686253117e-01
6.795408777337736961e-01,6.729027600279851029e-01,6.855201269961116450e-01
7.058861002937519835e-01,6.875312825774411163e-01,6.825092332247026938e-01
7.373107123382590666e-01,7.141516951913259303e-01,7.493294150909062257e-01
7.261330186528628383e-01,7.364862833448626578e-01,7.312267400595602318e-01
7.656395840087345528e-01,7.929159538667861495e-01,7.666402020516875915e-01
7.475602906956856364e-01,7.428131081795700252e-01,7.202882816433865409e-01
8.000658131711918530e-01,7.786805731056003488e-01,7.889369521939617602e-01
8.041496918745776323e-01,7.928853405202509474e-01,8.287997129085804549e-01
8.599527924708305626e-01,8.872084462789494586e-01,8.516122270990801324e-01
8.410488646608400565e-01,8.626580828062320183e-01,8.365232073884789621e-01
8.683716248977645380e-01,8.459999102298980667e-01,8.796710338823416908e-01
8.873204058602895961e-01,8.646714378514643862e-01,8.874390558611612301e-01
8.819808306531361497e-01,9.108031187927180250e-01,9.028155774448429760e-01
9.173288347655437214e-01,9.376859441861887801e-01,9.089214553465733148e-01
9.535692602856042921e-01,9.538701502990568626e-01,9.826639867818095508e-01
-9.739391734851799987e-01,1.955523283322059547e-01,-3.273794888450730078e-01
-9.153859787868141584e-01,8.091546869585204693e-02,-3.122989473373588565e-01
-8.969476536711866732e-01,7.342418364366434802e-02,-2.860071275457030104e-01
-8.672451831646658116e-01,-1.025242560241538051e-02,-2.694677048526203933e-01
-8.567561736535704853e-01,1.262933563920252966e-02,-2.460981714613660609e-01
-8.705889433999594029e-01,-1.115812538027661713e-02,-2.455422852513196585e-01
-8.424208995052998583e-01,-4.837461608888335429e-02,-2.018114352181362148e-01
-8.449535574087048140e-01,-6.297015690138216271e-02,-2.271645415677973345e-01
-7.946770053026589453e-01,-1.085035145693225705e-01,-2.232045162522328097e-01
-7.528436500022400724e-01,-1.710221983196714424e-01,-1.581197223222759185e-01
-7.578736603872502364e-01,-2.029959982530165907e-01,-1.611268755777631456e-01
-7.583729197838685598e-01,-1.638786177484319040e-01,-1.752110064933219413e-01
-7.158536342903987215e-01,-2.634612368591409126e-01,-1.562814219679684313e-01
-7.098914641852840379e-01,-2.570025917930894299e-01,-1.420540273063355119e-01
-6.940021295069609408e-01,-2.384507509450145279e-01,-1.519084905202056635e-01
-6.436315334415114719e-01,-3.392985765682119403e-01,-1.366331703233150674e-01
-6.469079841422376020e-01,-3.335516376937872618e-01,-1.219976219820942120e-01
-6.471768252690996981e-01,-3.313803321597093010e-01,-7.869409258928034001e-02
-6.154971682912084852e-01,-3.642841677324697436e-01,-7.425665952679059989e-02
-5.824367631013895874e-01,-3.836181346252198754e-01,-5.949598991652613189e-02
-5.852059193465857234e-01,-4.085147852332012275e-01,-6.985989824064742226e-02
-5.751061100938602566e-01,-4.473750428164777193e-01,-5.701213075046417111e-02
-5.101077206116952922e-01,-4.624160233017736710e-01,-3.401570933568789923e-02
-5.088613720646425476e-01,-5.133599560907450288e-01,1.022672098868885118e-02
-4.797577557929755820e-01,-5.462798111587057193e-01,8.989873400413987345e-03
-4.579426586402732813e-01,-5.124252519561558472e-01,2.745161002232795674e-02
-4.375448248951006036e-01,-5.396387944357111666e-01,5.761830965862761722e-02
-4.069325275734013703e-01,-5.876346263323605212e-01,5.433587144341741476e-02
-4.354630375918872587e-01,-5.741677356213081840e-01,5.441994136052819009e-02
-3.707894054699333308e-01,-5.972461770450140373e-01,8.904850876504394330e-02
-3.959668312122910927e-01,-6.093690706332344220e-01,5.896611265742466440e-02
-3.590407157817807060e-01,-6.445369632636797075e-01,6.663620510738481328e-02
-3.469919933208192031e-01,-6.545584664748858028e-01,1.052807970441912572e-01
-3.137799996287451987e-01,-6.792059745311027630e-01,1.106551072738911068e-01
-3.144824429437975133e-01,-6.422768221059929061e-01,1.497573220361982926e-01
-2.973625983623179314e-01,-6.650115478880838094e-01,1.313983731279629030e-01
-2.401955888739384648e-01,-7.199133383269682440e-01,1.620583921152439766e-01
-2.411152723001142029e-01,-6.891281578889878467e-01,1.400265703372366444e-01
-2.480461559033652064e-01,-7.013026147106032893e-01,1.683411287148421087e-01
-1.984809129107297232e-01,-7.339074148120974250e-01,1.693324558047152040e-01
-1.875148472204320460e-01,-6.942091670496948197e-01,1.869880035626949322e-01
-1.634805359262737345e-01,-7.437109075807907255e-01,2.428267894352535705e-01
-1.643681041987092029e-01,-7.118048351969387122e-01,2.244571702697260029e-01
-1.545233472124433738e-01,-7.463008124680514666e-01,2.232334225713489828e-01
-9.486868887880049728e-02,-7.547649808029933682e-01,2.378216728051329998e-01
-8.771312268852798910e-02,-7.326905087253736681e-01,2.914839275567399079e-01
-6.830343091251082910e-02,-7.557572998419760379e-01,3.053721387426783229e-01
-5.960740338503981578e-02,-7.711101006915885847e-01,3.130123036596604291e-01
-2.364436423885975941e-03,-7.552555633605638752e-01,3.229598691216207795e-01
1.486726409235697779e-02,-7.299289852705362902e-01,3.180630338530544554e-01
2.331079093900000065e-02,-7.671132473681376851e-01,3.287201454918747823e-01
5.452810735364120587e-02,-7.334291957725369571e-01,3.477147683053165572e-01
7.016988876943044962e-02,-7.417941198120687751e-01,3.862196699753397966e-01
6.442484637662154734e-02,-7.210585086455436610e-01,3.439657369212223426e-01
7.191755449339191919e-02,-7.667435120003975868e-01,3.784700383901999921e-01
9.725141043844254263e-02,-7.635115338576292654e-01,4.052432862658342239e-01
1.265877888187585676e-01,-7.077911671344171429e-01,4.339864231840850906e-01
1.157127680588522778e-01,-7.588213972866628687e-01,4.246677444607353524e-01
1.533323964994894317e-01,-7.009188386653641967e-01,4.597784594471758246e-01
1.746410285419450481e-01,-7.198545047798072805e-01,4.706059514123795973e-01
1.746601674541778948e-01,-7.063477867435207225e-01,4.357939994021762242e-01
2.250217170530724731e-01,-6.964372364724539244e-01,5.000308996796765104e-01
2.181553640514953818e-01,-7.182364957361682123e-01,4.764203361934369885e-01
2.864206874396714730e-01,-6.880108409503569167e-01,5.046677427507119118e-01
2.954195083359141827e-01,-6.798530931587126735e-01,5.263304653347703477e-01
3.225262358778686056e-01,-6.575815276879194426e-01,5.206520412038125878e-01
3.136026467443217558e-01,-6.623700371470452319e-01,5.561221232597827191e-01
3.196402425705121564e-01,-6.272175997456973517e-01,5.550913116611564391e-01
3.615373854882474314e-01,-6.155463339122457800e-01,5.713606287760507607e-01
3.617328048582277855e-01,-6.061473787568347760e-01,5.569387294373803199e-01
3.820073983501436343e-01,-5.766317481482452489e-01,5.993501685074229535e-01
3.907332465017877565e-01,-5.926030946704996527e-01,6.019496171275545704e-01
4.275551206142951255e-01,-5.798838908058641106e-01,6.369582379157653351e-01
4.577110236290178880e-01,-5.688929652289703709e-01,6.189520027952847281e-01
4.567676384765910758e-01,-5.182142166373970849e-01,6.355045853935519240e-01
4.908771667581150466e-01,-4.885860235158442366e-01,6.228022997098623392e-01
4.852935334798691991e-01,-4.851763179116274638e-01,6.374404845846811662e-01
5.082519245762400217e-01,-4.706779080900400092e-01,6.980035436006494232e-01
5.522421948051561280e-01,-4.417716176884738388e-01,6.832026042623411399e-01
5.595529896397214431e-01,-4.102049469950875826e-01,7.268327166227154246e-01
5.728916982301123229e-01,-4.407170047164189475e-01,7.141626092743078580e-01
5.781501926566178229e-01,-4.004471708858974299e-01,7.477407488608535102e-01
6.273422630336573658e-01,-3.429573424760178901e-01,7.589051538636616412e-01
6.494430715999629511e-01,-3.555400194218153453e-01,7.771138064841377480e-01
6.568960211661496462e-01,-2.909437561351611023e-01,7.350888297085361733e-01
6.795408777337736961e-01,-2.948623131946010445e-01,7.792115724946612199e-01
7.058861002937519835e-01,-2.700796311283900075e-01,7.624817187895365223e-01
7.373107123382590666e-01,-2.295319306181821117e-01,8.105035512374955120e-01
7.261330186528628383e-01,-2.123775745300813533e-01,8.162048325178085095e-01
7.656395840087345528e-01,-1.365196575408803570e-01,8.247379917803266958e-01
7.475602906956856364e-01,-1.959007942910976630e-01,8.090916273113371027e-01
8.000658131711918530e-01,-1.312799346603110706e-01,8.378610380126688684e-01
8.041496918745776323e-01,-1.146076244123485216e-01,8.862661826501643247e-01
8.599527924708305626e-01,1.677445908649830356e-02,8.659018588706738351e-01
8.410488646608400565e-01,-2.102758910731989880e-02,8.823430295963257119e-01
8.683716248977645380e-01,-1.830243574028251122e-02,9.107943584795265002e-01
8.873204058602895961e-01,1.468853464724385535e-02,9.122398621220837445e-01
8.819808306531361497e-01,5.671247377917783272e-02,9.455822215391814778e-01
9.173288347655437214e-01,1.118493005129552326e-01,9.289663579547670080e-01
9.535692602856042921e-01,1.595952241750871192e-01,9.790947264962052143e-01
-3.239391734851800320e-01,-8.607567085236728088e-01,-9.773794888450729745e-01
-2.719516353524707442e-01,-6.988346761103495508e-01,-9.607837958222072983e-01
-2.600789668024998669e-01,-6.365309813336941236e-01,-9.329768245153999828e-01
-2.369421528616355022e-01,-5.985341066534144439e-01,-9.149222503071657853e-01
-2.330187999161968115e-01,-5.460349275154672277e-01,-8.900375654007599557e-01
-2.534172262282422539e-01,-6.543582673054511023e-01,-8.879665276755620562e-01
-2.318148388992392617e-01,-5.791535048784409723e-01,-8.427205261272270320e-01
-2.409131533683007420e-01,-6.248212727473259065e-01,-8.665584809617367101e-01
-1.972022578279114813e-01,-4.621970339667998973e-01,-8.610833041310207436e-01
-1.619345590931491885e-01,-3.641104807120504883e-01,-7.944833586859123553e-01
-1.735302260438158772e-01,-4.346544141510531589e-01,-7.959753604262479465e-01
-1.805951420060906976e-01,-4.154275978545234338e-01,-8.085443398266553006e-01
-1.446415130782774949e-01,-3.570330233536148645e-01,-7.880996037861502934e-01
-1.452449995388193915e-01,-3.436307015759178518e-01,-7.723570576093657936e-01
-1.359213214261528191e-01,-2.788815607939799102e-01,-7.806963693080845035e-01
-9.211638192635993039e-02,-2.047637468996093002e-01,-7.639058975960422160e-01
-1.019584891927426684e-01,-2.267496230631793619e-01,-7.477551977396699190e-01
-1.087929868852613169e-01,-2.414759770864560173e-01,-7.029365168317045498e-01
-8.367898647302669801e-02,-1.744832504073253188e-01,-6.969839322540632987e-01
-5.718423784886435268e-02,-9.375926745168375320e-02,-6.807081111286473751e-01
-6.651905065971704112e-02,-1.428684227922579209e-01,-6.895568679376170573e-01
-6.298489797264821000e-02,-1.620260713743152392e-01,-6.751939489322823507e-01
-4.552165056139739069e-03,1.822831554489079409e-02,-6.506823760023545677e-01
-9.871473074743578047e-03,-4.223769018107349782e-02,-6.049247941628262959e-01
1.266648663126684025e-02,-1.435221906844582479e-03,-6.046464902359496296e-01
2.791592721831251747e-02,8.213652589303110929e-02,-5.846696020988840781e-01
4.174810439782866006e-02,9.892613212583795113e-02,-5.529877509474330211e-01
6.579474515387129241e-02,1.197028849983792220e-01,-5.547550376474915668e-01
3.069857856972897300e-02,4.571655895699267003e-02,-5.531558162152293567e-01
8.880655412602625476e-02,1.771089398868140874e-01,-5.170120972955620786e-01
5.706347181801198210e-02,9.145566195063635495e-02,-5.455793418880299228e-01
8.742393068286576086e-02,1.361147752008733947e-01,-5.363940979229182560e-01
9.290699657817069745e-02,1.435886632263476959e-01,-4.962343544709602594e-01
1.195533337045881356e-01,1.828568055112970436e-01,-4.893448927261089265e-01
1.122852338238791992e-01,2.081784911521001868e-01,-4.487275264486501603e-01
1.228394218397022564e-01,2.120637337707068359e-01,-4.655713238417340527e-01
1.734407747624251150e-01,2.591108855830033808e-01,-4.333961533393014820e-01
1.659554347705929356e-01,2.795637244560466583e-01,-4.539128236021573448e-01
1.524588946016853241e-01,2.456008499479952201e-01,-4.240831137094002168e-01
1.954584810286642549e-01,2.912068388432889621e-01,-4.215766351043756521e-01
1.998588901533053797e-01,3.404596433821919232e-01,-4.024059358312445100e-01
2.173275448818070277e-01,3.197557730273739574e-01,-3.450519984435342913e-01
2.098743200437150069e-01,3.428324707849901287e-01,-3.619064660939103617e-01
2.131534204643242836e-01,3.152598023155777640e-01,-3.616150622771359124e-01
2.662424222323107048e-01,3.769497407397893740e-01,-3.455116605282003150e-01
2.668323318569265634e-01,4.008815764482966948e-01,-2.903342542614418265e-01
2.796763670672871571e-01,3.924923350262661259e-01,-2.749308915603519421e-01
2.818067380291016111e-01,3.801202576311023540e-01,-2.657755751282183665e-01
3.324840484245989436e-01,4.386156580154093598e-01,-2.543128581511065467e-01
3.431500923751853449e-01,4.706461921440460161e-01,-2.576945419045214014e-01
3.450279626561716939e-01,4.343106949406666528e-01,-2.455222787505493554e-01
3.696796225051563467e-01,4.796306881550956858e-01,-2.250125044219561110e-01
3.787557473552889964e-01,4.738817292992680286e-01,-1.849924512367814577e-01
3.664450483968235694e-01,4.891170803283515500e-01,-2.257312327757474424e-01
3.673720999479372917e-01,4.429040336108525655e-01,-1.897117797916181847e-01
3.861402993273313489e-01,4.511025664355648446e-01,-1.614233804008324558e-01
4.089110211419910712e-01,5.095899604487706958e-01,-1.311650919674300364e-01
3.914703438164282012e-01,4.542317854788467391e-01,-1.389686191756282774e-01
4.225243156914086917e-01,5.135653742001901056e-01,-1.023427526740362525e-01
4.372672911682077279e-01,4.917752208552553794e-01,-9.000010919368099660e-02
4.307207735147840499e-01,5.035468167165780828e-01,-1.232969096887329141e-01
4.745166665480221035e-01,5.016291898143836470e-01,-5.754485789608113772e-02
4.610846569807883211e-01,4.811429335547856012e-01,-7.964026986716898904e-02
5.227843238033078599e-01,4.789140980338810194e-01,-4.987771179474258937e-02
5.252174881338941281e-01,4.816023775202879498e-01,-2.669983769553270492e-02
5.457585591101918876e-01,4.842076080188521536e-01,-3.086311031133890520e-02
5.302693134109885964e-01,4.874508801391656543e-01,6.122123259782601828e-03
5.297412526715222780e-01,5.188434313628240702e-01,6.606463176308016716e-03
5.650727390236008896e-01,4.952754622540093132e-01,2.439093180635391184e-02
5.587025018279248023e-01,5.061100316908494490e-01,1.148418398283476173e-02
5.724114387541839877e-01,5.169517665326076594e-01,5.541077456802899481e-02
5.745716303401714464e-01,4.936025793044911403e-01,5.952537470331230318e-02
6.048278478870223740e-01,4.653349726453819835e-01,9.604914700667434302e-02
6.284180943360886396e-01,4.386252397136811698e-01,7.955806340134535803e-02
6.209090526180054415e-01,4.939111097931538907e-01,9.762579751476381518e-02
6.484529243338728044e-01,4.763770421531242638e-01,8.643866334622594960e-02
6.363036344899701824e-01,4.921565069006448856e-01,1.025919997361965375e-01
6.526963690206846191e-01,4.743697108503058257e-01,1.646702102673159862e-01
6.901209826839440620e-01,4.309649644748930752e-01,1.513844224441593667e-01
6.908661209528527136e-01,4.538357525349840937e-01,1.965296863196851207e-01
6.976391729775871520e-01,4.029556119920697510e-01,1.853747304864290235e-01
6.963320108384359886e-01,4.382026668854907547e-01,2.204680215881262284e-01
7.389584246498188680e-01,3.992820851135452376e-01,2.331475781060859953e-01
7.544935766504680119e-01,3.431497162162947534e-01,2.528713822417136270e-01
7.553808696509980436e-01,3.971050840735203535e-01,2.123615569812634107e-01
7.714600696529656521e-01,3.459807434622255151e-01,2.579994512825399822e-01
7.912396356472872760e-01,3.120041315397599213e-01,2.427847490925668095e-01
8.160985911261376957e-01,2.770043442292084990e-01,2.923217330556774352e-01
7.983552408750852480e-01,3.323215651767395529e-01,2.995381658511419021e-01
8.312961496653002991e-01,3.077620922919455104e-01,3.095864766288115022e-01
8.066511997865947192e-01,3.071829008227682234e-01,2.954552636749737116e-01
8.525910656964444945e-01,2.299738407164996223e-01,3.257398258914566136e-01
8.501092878341736103e-01,2.435826217901688462e-01,3.756601220441037614e-01
8.993467318647700992e-01,2.083000293059736607e-01,3.568109497797646301e-01
8.738771474891229296e-01,2.420409753161852362e-01,3.747672720205681429e-01
8.946342511603907477e-01,1.661559009542889487e-01,4.047337524189205671e-01
9.070173755572593643e-01,1.460247439801366509e-01,4.076944075766291142e-01
8.951121437844492545e-01,2.165950758076952698e-01,4.425519185088785390e-01
9.238944913312003848e-01,1.609840298587708607e-01,4.274512064396153721e-01
9.535692602856042921e-01,8.885074226139214049e-02,4.790947264962052699e-01
6.413839364925790765e-01,6.767245473908050091e-01,1.857846582507871602e-01
-9.872437604039097092e-01,6.832012088497809721e-01,-8.871783919954363551e-01
-3.550639495840262061e-01,-2.105302218078379806e-01,-4.699596224171063152e-01
-4.856563475853947764e-01,-5.636372633506356866e-01,5.720497675963684969e-01
8.051588454055516042e-01,-8.495793261951714026e-01,-5.359467512640589959e-01
-2.348941580036092436e-01,-1.482846814308702577e-01,-4.142138990593184911e-01
-8.432514687991148339e-01,1.935181802142094121e-01,3.395751083537237314e-01
-4.106769665707283856e-01,-7.152437632451851268e-01,-4.019884660622943251e-01
-8.227935201382134967e-01,-5.279472777510780812e-01,3.622474165737148422e-01
-4.432102735057461551e-01,-5.931186061299293932e-01,-2.510539062935299714e-01
-9.398306375687557335e-01,-3.363166557923558120e-01,4.533962350105380512e-01
-5.240966033537319824e-01,-5.639462561048160794e-01,9.052938210897709670e-01
-7.256543889861872820e-01,-4.147181611016244052e-01,8.737389146439837884e-01
4.152227288424064078e-01,-9.004798794777364446e-01,9.504914736788250273e-01
7.212623378601628055e-01,-5.979673840432264686e-01,3.054786167832983512e-01
-1.403110719415279206e-01,-2.885452510717858576e-01,7.658303418633458648e-01
1.654148046948600292e-01,-4.645269716346815958e-01,-2.428205682057600345e-01
-6.830103246873142631e-02,2.864817243980743999e-01,-3.085084525074011097e-01
-5.248856728665363125e-01,-6.906044211655444354e-01,-6.240059609107810878e-01
-5.588478484139327573e-01,4.832740411741864861e-02,5.007094318286999801e-01
-7.747699072058062963e-01,-7.403293144712999041e-01,4.423073606830918436e-03
-3.289372651503807976e-01,-3.080549614865615293e-01,9.283269125061075489e-01
-1.361192486854923001e-01,-8.671854374764444984e-01,-3.279598337591829171e-01
-1.014767245166567911e-01,-8.143856279760461891e-01,-8.796927545209398680e-01
-3.710419948963550318e-02,-9.693329115390114659e-02,-3.940481648290965477e-01
-6.731676320768587019e-02,-7.154455026510282423e-01,3.425611396092300698e-01
-2.874280556510244722e-01,-8.291626949398065438e-01,-6.811890683490824383e-01
-5.924376063556535676e-02,-6.562070854785022611e-01,-1.979150498633794886e-01
-1.060015510287048990e-01,8.191634321997183221e-01,-4.692311248390910183e-01
-5.828898670561293294e-01,5.209685826809911102e-01,-4.733571158560343495e-01
-6.867341359106069465e-01,-5.423019384226115402e-01,2.868294625135732190e-01
-4.475107414689245555e-01,-4.796790198658948956e-01,5.544255752257847281e-01
9.883402368554170536e-01,9.929673751013501359e-02,4.045931706048222498e-01
9.042980871811718835e-01,5.003052690423759330e-01,3.399509168811023496e-01
3.339452381478884568e-01,-1.624168082666215263e-01,8.434616666989329659e-01
8.137395696448888049e-01,-6.094408733471452511e-01,4.968421118440446982e-02
3.452731658256302794e-01,-9.554405963250744982e-01,3.619057147001061292e-01
6.215479573611368824e-01,2.825555379797266564e-01,6.419451608039277168e-01
7.170831622785622805e-02,-1.140681590272432100e-01,-8.059838870980073899e-01
-3.078207588210377654e-01,2.568955836941764215e-01,3.418803241672818682e-01
6.603683768965675771e-01,7.089559920435182239e-01,-5.703921027128022736e-01
-6.118465514153867968e-01,9.466109469634202966e-01,4.463455578977231220e-01
3.005970313861976440e-01,8.842813325849570028e-01,-6.311117075100389773e-01
2.536524376654822888e-01,5.983420614100365409e-01,5.653597782155999063e-01
-5.598509746339392912e-01,3.831387703913540221e-01,-9.528665375448421848e-01
-4.310965738652274837e-01,5.307458464082821514e-01,1.540216944112677844e-01
8.293630101031561619e-01,-1.873496935830605281e-01,4.193012275189156313e-02
-2.004958699029379954e-01,-4.026611786188385445e-01,-2.158009505272258099e-01
6.518521358784443720e-01,9.597235382180822061e-01,8.994648709484183158e-01
-8.249356515987709138e-01,-7.173321877106415556e-01,6.980609663466730286e-01
-7.600455460206887448e-01,5.548211310184634204e-01,-1.095786321000364882e-01
8.037172263204894751e-01,-9.921584292906291402e-01,9.455157586630322797e-01
1.636750261353092650e-01,1.678250709339419444e-01,3.552230076929885350e-01
-3.282312106424958298e-01,-2.077598148712502812e-01,-6.295564155409094642e-01
-5.731595591691096558e-01,-6.435309717434545274e-01,1.057277623627719265e-01
-5.942614442017757348e-02,-9.098025568986072287e-01,-4.938093932043341461e-02
1.597210398688810873e-01,-5.089009197523102213e-01,-3.653796559463855509e-01
-9.451720955745739339e-01,8.438930967210291900e-01,5.210001224966156474e-01
-5.738612046908824205e-01,2.932613741705432098e-01,8.221602061532995442e-01
-1.198537534851547015e-01,9.806538314588133520e-01,5.747003625220554746e-01
-6.808194062643413424e-02,-4.124363739964036490e-01,2.823425875404894647e-01
1.835712760682073341e-01,1.875444395246643747e-01,2.579588875767080403e-02
-8.596353331462203151e-02,-5.246680594697072930e-01,-5.137582116715710967e-02
-6.681040844077950069e-01,1.504392384893185053e-01,-3.990941106388121717e-01
9.384452889012289134e-01,-3.195724492153702023e-01,6.941604389057158819e-01
8.265722152560672775e-02,9.219654622834614344e-01,-8.475850843264933765e-01
-2.288750729774855497e-01,-6.925535244615712571e-01,-1.730645456666906057e-01
6.882317997226803374e-01,-3.772485601364437002e-01,-5.856090644860361127e-01
4.700359224010099979e-01,-2.463493638597009650e-01,-4.888980415344528208e-01
2.476602493615971401e-01,3.567490904707155686e-01,7.308563448634191051e-01
-8.389506520674183676e-02,-1.005716424165361556e-01,-7.239972719563463333e-01
-1.242300356229610880e-01,-3.178018018507757780e-01,7.841143465383018096e-01
8.776001147379364209e-01,-8.604541439872641639e-01,-9.454800017719695582e-01
1.609723840302552667e-01,2.432642572171661577e-01,-2.524000808360147285e-01
9.364447485943159233e-01,-5.350566458107153256e-01,-3.069458295998062081e-01
3.219953326475235578e-01,-2.959731569486168112e-01,-5.175560935370304705e-03
9.596721281324491759e-01,4.142223859768414673e-01,5.729457196814624620e-01
6.171864263359125857e-01,7.088903395753360925e-01,-3.093686372843420518e-01
-5.000792285910800050e-01,-5.831474305846999773e-01,-2.271759459591198294e-01
-6.113208756474985961e-02,9.015612061675981614e-02,9.259051870498968828e-01
-3.705110715046850967e-01,9.962131414574848520e-02,-2.722181480759748862e-01
-8.000774780530950370e-01,-1.967390058344182791e-01,-2.395342970868916677e-01
5.111465468297358150e-01,7.245099808057193780e-01,-9.264184067892946572e-01
-4.773792621181447426e-01,4.478713198032797660e-01,-8.585033346690631451e-01
4.063531450536181922e-01,-9.876403414984329387e-01,-7.921015019627377640e-01
2.225261135781813060e-01,3.881337173457775069e-01,1.843017301016294240e-01
-3.155238645624831584e-01,-7.221155588959713434e-01,-1.322579202161457967e-01
-8.865019710073442916e-01,9.561285629087288296e-01,4.474594186406495311e-01
-6.248717461880388679e-01,-2.075004711143397795e-01,-2.211013569701059112e-02
4.806129341145541911e-01,2.436412786780972617e-01,-3.181667511251746738e-01
6.163738169694117364e-01,-7.326797935307791665e-01,5.038267902477620019e-01
6.657278669830364315e-01,-4.158487519450972947e-01,1.023017646396700009e-01
4.854008732742058907e-01,5.885899402752252652e-01,-5.350780627531299682e-01
3.985847936935582592e-01,7.188138163798309943e-01,-9.585049500580506976e-01
-1.536639678115183649e-01,-5.991779552992080315e-01,-2.440880318401341675e-01
3.992493334266409288e-01,-9.740786785129262881e-01,-8.181196285579075411e-01
-3.874201638153484950e-02,-1.515952441971575304e-01,-9.757435911912568649e-01
3.247854889024124336e-01,3.435290157662369559e-01,-6.666420695668913154e-01
9.876052481942885208e-01,4.958511083354955051e-01,7.559394247314994431e-01
-2.513778470490255490e-01,7.709467641774405688e-01,-7.186381290751113760e-01
1.955865750424241600e+00,-1.139880730239055673e+00,9.113223676180832733e-01
-1.478072515803743325e+00,-4.897583080555256707e-01,1.615495967125028187e+00
1.164892234199297327e+00,6.218947452207110871e-01,-4.751938754319984248e-01
2.815206172245643401e-02,1.337600336961487724e+00,-7.261932361815479631e-01
-1.621479262778022790e+00,1.327511888969447273e+00,-5.778756191880347615e-01
1.937570899314691175e-01,1.598197638226329875e+00,-9.783055314017907733e-03
-1.199181722734807831e+00,2.558159041362313424e-01,-3.603185609199131001e-01
1.126662281237353902e+00,2.495202608291222646e-01,8.863870378364886449e-01
-8.370997822054819792e-01,-3.081563414943633283e-01,1.764037073380592346e+00
1.549375106431147842e-01,1.668316194144991993e+00,-1.846007204051427042e+00
-1.492750431009430834e-01,-1.876142058382767264e+00,-2.285274209464249751e-02
-1.309961607667946115e+00,-6.583195758123827623e-01,1.314804565781289014e+00
6.230461866639305235e-01,-1.030466685679117589e+00,1.160233112083263851e+00
-6.091646421008181100e-01,-1.534572724476230832e+00,-5.916362155653049903e-01
7.333448743457613439e-01,-1.897878379871751786e+00,-3.296510834628638698e-01
2.757276358185913878e-01,-7.383789546364187828e-01,-1.585803118963317715e+00
-1.260708152538507321e+00,-4.219828751576271131e-01,1.070198025174038836e+00
7.353028462772126517e-01,1.528704159582526589e+00,1.788647117803861875e+00
-1.885267543550247726e+00,8.641642086772258757e-01,-1.846355679314303888e+00
9.823713863943552838e-01,1.829672111379819111e+00,-1.232135615953452223e+00
-1.076084560009438640e+00,-5.582166714772851535e-02,2.120570263370442632e-01
1.769840048651621700e+00,7.305957933562581275e-01,-1.414777480509132435e+00
1.484930953234409490e+00,-3.695902345487955820e-01,-1.306327843252902188e+00
-1.210619418839132155e+00,-5.162515905766422719e-01,1.626949013741043615e-01
-9.165477670624229134e-01,-1.095114868857815171e+00,5.854624390650315924e-01
1.073405718451274193e+00,1.122912822570123037e+00,-3.322395505254185366e-01
-6.034495599393623344e-01,-1.364947964129679114e-01,1.831911621170928761e+00
1.160736933961333150e+00,1.568379943702486123e+00,-5.884810352868554695e-01
1.042268135995035649e+00,-4.975159092432575036e-01,9.341659524479246635e-01
-8.599083224863042219e-01,-6.721903626183989289e-01,-1.345198706653000897e+00
2.104330159349943052e-01,-1.900982102805323759e+00,-1.862700648134141268e+00
-1.256255334724323269e-01,6.365997391783473347e-02,1.661437465968201188e+00
7.115881331668787446e-01,9.292614225273463369e-01,-1.171919253964296637e+00
3.734619702136510178e-01,-4.196132760967046238e-01,1.369311757535502494e+00
-2.150351555552441063e-01,1.399931137683185334e+00,1.985862720356291966e+00
-1.641399063797188251e+00,7.957020334716782273e-01,1.264682135248577755e+00
-8.854638108904024918e-01,-9.368775559812569931e-01,1.078876563060023219e+00
1.768848325040001335e+00,-1.242734902014883680e+00,7.360564716363957594e-01
-6.726956175908154201e-01,-1.223498809624659511e+00,1.449301245455131948e+00
5.178693645058491946e-01,-1.906502601911882255e+00,-1.447727341322250005e+00
1.467487158017385607e+00,-7.819021478295553607e-01,1.690712565324107075e+00
-1.183761961058534151e+00,-6.182417871655236929e-01,5.636472191640358176e-01
-5.999344789471816597e-01,-1.846591204157916000e+00,-1.582445551229364700e+00
1.461285418584404194e+00,3.006770051794416254e-01,-1.397232955514909225e+00
5.413648679662816932e-01,7.692967361977860463e-01,-1.238738652381901506e+00
1.472860052966609601e+00,-1.851268642520522700e+00,1.584388740699660403e-02
-9.859672178379765839e-01,1.116237757734499514e+00,9.313638416643419404e-01
6.224156594088925409e-01,1.099693193524356793e+00,-1.235150454928849673e+00
-1.215630813322396531e+00,1.501016148722255306e+00,-1.516853087764231667e-01
-2.787968717263211715e-01,-1.710984595491975568e+00,8.696281935191687573e-01
-1.768181055179335992e+00,1.499543807094107617e+00,1.028705816799063033e+00
1.255294883040706466e+00,4.321485856590889796e-01,1.483087646870568932e-01
-1.395841850905101378e+00,4.664222082374136491e-01,-1.454263849237405370e+00
4.663844654235211884e-01,1.501929740451113382e+00,-1.931027976166995508e+00
-1.067063596639163947e+00,-1.944986990997955356e+00,1.015462793353826054e+00
-5.307996510112817923e-01,-1.919236811558512557e+00,3.950231514997764037e-01
-3.661545342220029475e-01,-5.071399855381524269e-01,1.842966381691946598e+00
-1.086850349515732006e+00,-1.202047734077463570e+00,1.528447715730274492e+00
-1.496333339200913937e+00,3.905263203314635057e-01,1.417769277657661586e+00
-1.127096054131599967e+00,1.970629658069131818e+00,1.895988462092043303e+00
-8.888709958799947408e-01,-1.154539096782696728e+00,5.132827085461308947e-01
1.157959674936386740e+00,-8.470688886159236652e-01,1.231140656921353660e+00
1.840219537421639018e-01,-7.667199668999300499e-01,-1.688936712519604644e+00
5.677897919465544341e-01,-1.538293686549180084e+00,2.143063165287806271e-02
4.549681548859880742e-01,-1.167045649890969816e+00,5.158387940573216923e-02
-1.260459961736205337e+00,-6.802239578213331583e-02,1.972626653059124990e+00
-5.159204625568576397e-01,-1.885425532932861081e+00,6.097175787329187635e-01
1.401196130962863773e+00,-1.542225026150684908e+00,5.182178934621095578e-01
5.341521640670019444e-01,1.879111191409132964e-01,-1.123787858782597571e+00
-6.649787133594853294e-01,-1.409856204889768705e+00,-5.590525676541995281e-01
9.480413927258726225e-01,-1.714711927140523340e+00,-1.768760938910123315e+00
9.115086664855018839e-01,-1.332435459779925946e+00,2.956094834212663613e-03
-8.159869028559270099e-01,-1.180351755644696521e+00,1.489631155143409380e+00
-5.023104628506835923e-02,1.136175320141467715e+00,-6.297410065797639511e-01
1.443717721246162711e+00,-1.674928394669083609e+00,1.452221677184636128e+00
3.845369871070238865e-01,1.657346707518944751e+00,-9.003805868228185183e-01
1.633290222592829188e+00,1.799969486533666174e+00,1.312183960206914968e+00
-1.000653342646045108e+00,-7.637172497922053438e-01,9.098713818223713723e-01
1.491512553065438507e+00,6.516928018515852905e-01,-7.202649200305635269e-01
-5.275130834408927605e-01,6.349528948699934006e-01,1.903257910337186942e+00
-1.870867107567697030e+00,1.074876593648864898e+00,-8.216975068229830370e-01
-1.311816038948192098e+00,1.093572208652935807e+00,-1.974512429095339527e+00
-4.480490971791235566e-01,1.657121047237425149e+00,-1.844291514432023771e+00
-1.357527227673437586e+00,-1.197480664845024023e+00,1.463551487489159975e+00
-9.680253519931985018e-01,7.921910731902186420e-01,1.232327271645317524e+00
2.301955092353011878e-01,-1.704432915489767719e+00,-3.435819704688900522e-01
5.770866970286721020e-01,-1.620197419217506152e+00,6.573639075896302586e-01
6.444584472584389268e-01,1.528482556377854795e+00,3.673123093724988131e-01
1.424079960574892390e+00,1.257989907525609574e-01,-1.371014526006629097e+00
9.849450976872944352e-01,-1.014736502135455964e+00,-1.756296977531312642e+00
-1.477291998528380113e+00,-1.009253198487920944e+00,1.401877617952017818e+00
-2.595402457454105694e-01,-1.519924187674428051e+00,-8.472810803169212868e-01
-1.768984285291632208e+00,4.688830081814767681e-01,1.979769364293905820e+00
-5.295332397188401430e-02,-6.565076496379576021e-01,-1.690307330019238385e+00
-4.639628565664866144e-01,-1.844628979708481609e+00,-2.033621087678629813e-01
1.647060200378258177e+00,1.271192380077428741e+00,1.869528578506572725e+00
1.304903514938784870e+00,-1.773717215839917927e+00,-1.804534595084452242e+00
-1.238771197022074944e-01,-1.248985808863389391e+00,-1.089918653703978002e+00
1.695419148461199121e-01,1.161165980814584664e-01,1.335835003534058707e+00
1.166142567565667587e+00,-1.804295357980690628e+00,9.120495667485055691e-01
-1.256632952085184662e+00,7.720115776605434021e-01,1.006825459931294464e+00
6.202153090075008812e-01,-1.275725644398425285e+00,-8.873977829285673025e-02
-1.584953079509000329e+00,1.993886208972263319e+00,-1.456441157854097224e+00
6.098060638121172161e-01,1.925848629525253486e+00,-1.881874027287089302e+00
1.902884783139255465e+00,3.876588690068016874e-01,-1.622836993937579297e+00
-9.312793228684417279e-01,-1.690704898313581950e+00,1.753578532782822386e-01
-1.701872699603299122e+00,-1.283859448334793374e+00,-1.018003037199790128e+00
-1.797990657148946347e+00,-9.193626352036621263e-01,-9.003598790298479315e-01
1.939536005151611953e-01,-1.473276405622319096e+00,7.315949124979503893e-01
1.507400904054106761e+00,1.596642633330386030e+00,9.206675449820642676e-01
-1.979739870163532700e-01,-1.853686109867870524e+00,1.770564229360560571e+00
1.298736767597246988e+00,1.003308965861980706e+00,1.469829392840350302e+00
1.451692061371486542e+00,1.860886861895275857e+00,-1.537601514511220291e+00
1.804752152219494921e+00,1.327612324986475301e+00,1.589188932671157684e+00
1.208194607044608127e+00,-1.793602851302176227e-01,1.894051041678819214e+00
-1.398195205747172487e+00,1.926430499346825087e-01,1.483582534939726472e+00
3.859500424252457762e-01,-3.358280588570572434e-02,-1.093952736027057338e+00
1.622638943338029716e+00,6.087481321064536210e-01,-1.324164078991882043e+00
-1.532202078350050733e+00,-1.203294458810589163e+00,-8.281733704280416219e-01
-8.802198502652855971e-01,1.550329682901835593e+00,1.026454656187660852e-01
1.226232753957368971e+00,-1.655042432250941609e+00,-1.642958546085546256e+00
6.340915261725483809e-01,1.519716355081377479e+00,4.120158972579499590e-01
1.944837906922035842e+00,-7.230400016099203242e-03,-1.375619310680766816e+00
2.341457976695306975e-01,-6.439286177932848076e-01,-1.215154006774018747e+00
1.196119663276551393e-02,-1.429872182310286455e+00,-4.212644085444230413e-01
3.215851948886272460e-01,-1.825635505652430268e+00,1.480460037911087046e+00
7.575784319295530977e-02,1.818220476089215332e+00,-1.742793583001627233e-01
-1.867355504897370011e+00,2.635226906237444489e-01,8.472382130676923140e-01
-1.329066312599605837e+00,1.498396517245703663e-02,-3.046113327701460705e-02
1.219839125357768950e+00,5.639074523426526042e-01,1.880283636271138370e-01
1.614874572764682714e+00,4.019183578023182157e-01,1.434174840029168063e+00
1.899650319170529400e+00,-5.280451214312615882e-01,8.416397563912747515e-02
-1.206035432954783548e+00,1.207400140248756859e+00,1.266898031509529510e+00
-1.047966554571301945e+00,-1.327310988838122263e+00,-1.170881057986393969e+00
-1.491707991050729820e+00,-3.558359379239384168e-01,1.237663117125443968e+00
-1.206133988613836472e+00,5.319891443776056938e-01,4.363845610635750383e-01
2.750529112279509469e-01,-1.776416097022823770e-01,1.104933733992238043e+00
3.363624152040576298e-01,-1.274426038884306056e+00,-2.433553831079042773e-01
-1.673406602616166250e+00,4.049833827883282389e-01,8.782183806053902586e-01
-1.326545945123541959e+00,7.930110417975524406e-01,1.997170693225752469e+00
1.854882913390452082e-01,-1.322929461470667256e+00,-1.204450502811036827e+00
8.536343246694615416e-01,-1.094976924609116775e+00,-6.166607987694092685e-01
-1.245459605830530059e+00,7.095142843963637702e-01,7.070905926990627144e-01
-7.853077314580874102e-01,5.960325903344974030e-01,-1.579307178976256498e+00
1.203099995207940864e+00,-7.165383142986301301e-01,1.362309533620384983e+00
2.357585618006594608e-01,-1.759908909860731896e+00,1.074219934117308650e+00
1.805445311866360036e+00,1.235203876639165976e-01,4.291283414368622928e-01
-3.115056419869284277e-01,-1.945130892592457972e+00,-1.498795784981487689e+00
-1.956597306173345263e+00,-1.301787596200273622e+00,-1.053481506169347437e+00
1.085586045925784227e+00,-9.364266182101284031e-01,-1.397364198042792438e+00
-6.294258623258510710e-01,-1.073804745588015308e+00,1.538989836760566998e+00
-1.973538794155643039e+00,1.522508657474164195e+00,-1.823947490379469905e+00
-1.533510448683733429e+00,6.693901650278242244e-01,-1.968090082269403851e+00
1.966330209700920317e+00,-1.729740892742310354e+00,-3.468312619435982569e-01
-1.059539034749150677e+00,-1.564531512303839467e+00,1.576288792737737587e+00
4.337081299351286390e-02,-1.483289649155492995e+00,1.136655506113175562e-01
-1.428885454643753050e+00,1.523832462913625285e+00,-9.067163528401787076e-01
1.889000503754993954e+00,1.467154505344033577e+00,-2.949039444472316696e-01
2.909206832390109909e-02,7.063874919426860188e-02,1.452407414357418158e+00
1.973026047852907805e+00,-1.070106427672448124e+00,2.139739169845289446e-01
-1.210050494189045533e+00,5.283910389627970439e-01,-1.237379458443661928e+00
-1.041559791337489216e+00,1.776429596291572821e+00,-1.107053386405896234e-01
9.534535545002555956e-01,-2.219261892100510281e-02,-1.373206785927110207e+00
-1.233306096867377910e+00,2.664360267652834402e-01,-3.906713020209826581e-01
-1.547454397275524141e+00,-8.169702730916470479e-01,-1.668930568918230772e+00
-1.735129503451875443e+00,1.026969729530787134e+00,-2.881432308546583165e-01
2.686059655041788119e-01,-1.059763709344120119e+00,-9.704855611939029458e-01
1.569910457076646892e+00,1.877072035214618850e+00,1.285871846177922606e+00
5.557720522957096954e-01,1.184158798793079281e+00,1.536140636955312999e+00
8.898432951147032810e-01,-1.046562656525143797e+00,-3.438560738878262413e-01
1.507191161592761119e+00,-6.725908330119620970e-01,2.247935280869901575e-01
3.233530602297625123e-01,-1.017521351228101611e+00,-7.475336373698735493e-01
-1.372633631931315268e+00,1.988188232744224848e+00,-7.736194720533533520e-01
-6.726811093394045038e-01,3.298830884688044307e-01,1.219743844973377289e+00
-2.303308264174224185e-01,1.548710294410655663e+00,-9.707845197303788254e-01
8.880104188586424030e-02,1.753972713496794178e+00,-1.806160442492620088e+00
-1.214327037811592458e+00,-4.513938505357968367e-01,-1.338903351435926758e+00
2.797305848134619133e-01,-1.928898812789436423e+00,1.652718662022183871e+00
1.657129425092635167e+00,-1.547603637774379592e+00,1.156875927543774552e+00
-1.080153811733752356e+00,1.186526247103592890e+00,-1.978572602562418403e+00
1.420726070514655603e+00,1.007681370046644265e+00,5.113056543544645116e-01
-3.150087025288939024e-01,-1.434462015313528127e+00,-3.427179709210608216e-01
4.348143378398110492e-01,-1.710911993502306050e+00,6.676522419677910491e-01
-1.822663068932860231e+00,-5.429837353387867438e-05,-1.782518356889364330e+00
-1.865901487372733314e+00,1.730187535805717935e+00,-1.596977623078079667e+00
-5.647669240443469185e-01,5.551873419878421423e-01,-1.258285481262090943e+00
-1.125833717968867553e+00,-1.167669640523846031e+00,1.081646434214826868e+00
1.565175507422936985e+00,-1.316723908730978998e-01,2.870320691993106799e-01
-1.961340351959670603e+00,1.663142274811425736e+00,5.590299334039454671e-01
-7.105021649535210315e-01,1.216349193940537088e+00,1.130787718991244528e+00
1.482509471020849290e+00,9.805415893563118601e-01,2.080279661474411235e-01
-1.315364721766568046e+00,-9.523582580366389827e-01,1.653854524126216585e+00
1.725895900659756510e+00,1.536000127987393604e-01,-1.967134383310930268e+00
1.576763512416188284e+00,-1.047393394642224695e+00,-3.343018862955755566e-01
-5.409241164255305101e-01,-1.524466001478969268e+00,-9.534703773750661249e-01
6.517937318859523543e-02,1.199644628776109112e+00,1.659127074840323512e+00
1.932943894249289585e+00,1.082011340845942637e+00,8.644635092074395288e-01
2.078311772762369003e-01,-1.041753862263757213e+00,1.650940995630533870e+00
4.046755356324096553e-01,1.331632187410581203e+00,-9.087639209393070239e-01
1.204511401836362960e+00,-1.575206059660337221e+00,1.162727102101479115e+00
3.738032047111619072e-01,1.852961861737878024e+00,-1.184849292392944342e-01
-2.325770418459778277e-01,1.365193995752329137e+00,9.392163709803669214e-01
5.125667277622723006e-01,-1.616844815037968619e+00,-1.814401907087963561e+00
-2.155525025003726114e-01,1.643284940186587662e+00,1.906808760792384039e+00
6.274807377368474270e-01,5.408689311826408996e-01,1.948741067372730118e+00
1.991696215638577350e+00,-3.139445484466567571e-01,4.470474613027062283e-01
1.740395115156903927e+00,-2.104721048237028214e-01,7.904808955302544682e-01
4.249672118962171119e-01,1.811152674317958677e+00,1.182070392205375686e+00
-7.104252626844642649e-02,1.414804592037649300e+00,1.533551016621490515e+00
-6.898409826398457234e-01,-1.839152869158757753e+00,2.267736797743280519e-02
-1.361839283399449485e+00,1.396134433177032008e+00,1.898373934524636208e+00
-1.250117566436517613e+00,1.970461854916724320e+00,1.324261494988476784e+00
-1.714965998602540953e+00,-1.376820275456115183e+00,5.316251484340046574e-01
3.435995976016981146e-01,1.671623190271946502e+00,-8.601037899827090882e-01
-1.798569059380576096e+00,-1.528553555112121654e+00,-1.433200953356213336e+00
1.800183028866965351e+00,5.484682838154055773e-01,-1.129823732220271104e+00
9.937519153809164507e-01,4.947257433224789835e-01,-1.316614055218827684e+00
-1.755090405753594318e+00,-5.694613078897647895e-02,2.644086676578014661e-01
1.601529244548347553e+00,-7.101054408183511413e-01,-1.006040131840244989e+00
1.929333682991671406e+00,1.430879317734199851e+00,4.281829594328776523e-01
3.107161661461157465e-01,1.572248915813537540e+00,2.193283123200511220e-01
1.616652766718745582e+00,1.538563308204543567e+00,1.586783719932003400e+00
-1.236692520224432101e+00,-1.336439239401250756e+00,-1.562436419041715041e-01
-1.860836998110785956e+00,5.550538256316026597e-01,1.190030988161004721e+00
-1.459651302997724720e+00,-8.712040536711276317e-01,1.316871365803042870e-01
1.602470255456059700e+00,6.488623905929848945e-01,-4.893403468264305722e-01
-1.871133003806031425e+00,-5.503343096886688102e-01,6.745323768745321580e-01
-1.742594382383737539e-01,1.746190811126471232e+00,-1.374847136507614032e+00
-1.288120764415450203e+00,5.422519915912809019e-01,-1.495209631606542189e-01
-1.955828868070330628e+00,-1.019049359028371793e+00,1.759339630229061591e+00
9.033994824480937602e-01,-1.520674783099639882e+00,-3.537062639217758431e-02
1.354121262733593678e+00,-1.816348574034980068e+00,1.757072182950068839e+00
4.789963582274259224e-01,-1.608180955035692694e+00,1.475435895451114643e+00
-1.267163357357947717e+00,-1.622391624535346022e+00,6.327359357556168185e-01
1.667757277040927466e+00,-6.497986478522732590e-01,3.260017086513187223e-01
-9.738960337158553138e-01,-1.691241203160893658e+00,8.996722972416959507e-02
-4.261117425749008092e-01,1.107322966196851777e+00,-1.196674107145871968e+00
8.419352187187456593e-02,1.952811673831083450e+00,-1.702713118216131694e+00
7.530846490094975643e-01,-1.340800994915817501e+00,-1.738676610358321106e+00
-1.050699281943044294e+00,-1.252705108762253161e-01,1.284070278621809447e+00
-1.676065934290141612e+00,-1.610903609309934481e+00,-5.205802343141439081e-01
-7.172879283079969248e-01,-1.161419526145757164e+00,-1.216107817279345138e+00
-1.459351821970370278e+00,1.114203541034485490e+00,-1.910941594422190803e-01
-5.557927128779462933e-01,-1.945760912855876157e-02,-1.841599845731845431e+00
8.760257972348162170e-01,-1.252545590569459577e+00,6.821622717296529359e-01
-8.367511385040193872e-01,1.347782446508865917e+00,7.347763205862083424e-01
-1.541128532842956922e+00,-5.754150960528270353e-01,-1.383977893497617018e+00
-1.343677292284065850e+00,-1.461909156186598224e-01,1.710455905756600004e+00
1.383716426295554136e+00,-4.776647710892230059e-01,1.267481903290572198e+00
1.892591597465954401e+00,-3.741561626834961629e-01,-1.605596213567147768e+00
1.532635625527714485e+00,-1.100527175527133306e+00,-1.095196566916738057e+00
-6.626643208635503157e-01,1.671283971633036991e+00,-8.866522002186432161e-01
1.468904427620444597e+00,-1.670416846389897181e-01,5.011993115608674998e-01
1.951812894792131825e+00,-1.176351494235428063e-02,1.736261916717747766e+00
1.440728731558570175e+00,1.842640605653175001e+00,1.142969287930711619e+00
3.970383548298443976e-01,-1.569708736095993373e+00,-1.887381098473535523e+00
-9.118547403802388374e-01,1.709505478178781956e+00,-1.714911636738898348e+00
5.875339511333690368e-01,1.847769801792372046e+00,1.680668074350481600e+00
5.502806040531815768e-02,-5.878638323145848332e-01,1.151297845992108382e+00
-1.336106320935530167e+00,-1.395474943576560101e+00,-5.948733331853639505e-01
-9.881129864156634746e-01,-1.574360218387191868e+00,-1.279027972647033273e+00
1.312075644185864753e+00,7.042474555091704502e-02,1.249765744012143465e+00
-1.477254722720644065e+00,-1.948913511877723437e-01,3.723695882312378913e-01
-1.793466848148193904e+00,-5.798125518511128007e-01,-7.341506407757081298e-01
1.774367089056863911e+00,-9.958167200344036907e-01,4.187262592440994524e-01
1.407817477108648241e+00,-8.449726180962824351e-01,-2.301751533223548307e-01
-1.740273501354695274e+00,-7.881526222532597714e-01,-1.774791596252460746e+00
-1.880415043740524261e+00,-1.511598379588835250e+00,-1.420557173349781710e+00
5.606792441412267181e-01,1.393089991649764325e+00,-1.580615982223724458e+00
1.017832568048158137e-01,1.176305501361185613e+00,5.081478869954687561e-01
1.807853869740270625e+00,-1.258645428615454698e+00,-1.569292389346681027e+00
-1.105110519849845208e+00,1.919005656737107657e+00,-1.037782642131364064e-01
-5.573358718276790746e-01,-1.529966066535518365e+00,-1.011097118912600568e+00
-1.009154668887809692e+00,5.961342915348981641e-01,-1.190562554166894937e+00
-5.935383469568922266e-01,-1.683044548456448464e+00,-2.819690317093970222e-02
1.883854384656398206e+00,-1.900116994095640166e+00,7.014936585270148406e-01
1.961662863881673324e+00,-1.895988152621057576e+00,-2.803525249656653173e-01
1.493987643152867584e-01,1.150319881611658879e+00,6.975825006380396154e-01
7.274982675851973113e-01,1.882210678237887791e+00,3.844274001185175038e-01
-9.681511623732421690e-01,-1.760019898209803646e+00,1.910884749758302803e+00
1.633327589699971494e+00,-1.544079453427058546e-01,6.350286432639951073e-02
1.879672129483561438e+00,1.802528934608808697e+00,-1.301463125996641601e+00
-5.543477806892718185e-01,-7.488888293558551013e-01,-1.251525688846026441e+00
4.285726730611472135e-02,-1.337673619705177952e+00,9.887487938685928235e-01
-9.329716032778301305e-01,2.732279199772702505e-01,-1.872443830254284514e+00
1.063112690440629393e+00,1.201107883464167081e+00,1.376491948109073160e+00
-1.166258193525690157e+00,8.079894054105758450e-01,-9.638639214876207895e-01
1.981288001083620021e+00,-3.886846151224232493e-01,6.932524128859332002e-01
-1.727419854216933892e-01,-9.342916096332243292e-01,-1.297627759955719107e+00
-1.172082788616944704e+00,1.155061687688005545e+00,1.351836839531146417e+00
-3.977313531768973398e-01,-8.579350561184697632e-01,1.973929085111801651e+00
1.769523511204398769e+00,7.294443286576841601e-01,5.599212618706244093e-01
-1.489002272123602033e+00,4.964519275413081800e-03,1.075847407618478968e+00
1.558469033721641139e+00,-1.387713576031534224e+00,-9.155313096001522766e-01
7.489870308915982378e-01,-1.875856473873380725e+00,1.048820740269240659e+00
9.726311224047718973e-01,1.468148262636296941e+00,1.409934298362284899e+00
1.461432994897945647e+00,-7.171920754288416688e-01,-2.082059900054766821e-01
-1.448307351674864574e+00,1.858022943124986170e+00,8.559858431557318958e-01
-1.123165597707181718e+00,-1.179634827401084607e+00,-1.144991406739654938e+00
3.777641223063596954e-01,-4.937324130848583792e-01,1.621151620043170372e+00
1.734447025993233193e+00,9.683379086888699305e-02,-1.253269699913119428e+00
1.511945602180555071e+00,-1.796253882112694988e+00,-7.514695275119129825e-01
-9.646976346999522889e-01,1.939164204147269643e+00,-1.637874172239971671e+00
1.569742548114560154e+00,-1.730808947027177691e+00,-1.409333440754751088e+00
-3.201143882136969765e-02,1.094145042884149266e+00,1.159296666308800017e+00
1.853329461004272094e+00,1.782188213315238912e+00,1.261627564944374669e+00
1.512460424558166761e+00,-5.078315573345091316e-01,1.547709057787727271e+00
1.752856760985945339e+00,1.640961066967339121e+00,1.790850354055749438e+00
1.280505141742399378e+00,-3.402245131432977132e-01,4.605285077660572490e-01
1.720271776137823228e+00,1.665919761248452424e+00,-1.613858269298739767e+00
-6.830013746138900999e-01,-1.237653371534521707e+00,-3.460884565413246960e-02
-1.389022324702186229e+00,1.158967708617337777e-01,-4.204080032300141490e-01
3.052108258620340742e-01,1.893756831039167476e+00,1.640991141802031983e+00
-1.530627494038526049e+00,4.350462882098518058e-01,-9.432059693904371045e-02
1.098361549849765417e+00,-2.971682361776499803e-01,2.451015631946376061e-01
6.056218428847115476e-02,-1.671652282584825677e-01,-1.942274850208695725e+00
-1.037499166472001466e+00,-4.260992258926883380e-01,-1.390567031971419620e+00
-1.292529878214239591e+00,1.173367187021477243e+00,4.268984924529397595e-01
1.915901993151493787e+00,-6.822690910031155020e-01,1.082858854990913056e+00
5.907904329705222501e-01,-1.575986759094985867e+00,3.370057040141101190e-01
8.246765316098305654e-01,-1.091850741514134082e+00,-1.844582900876311271e+00
-4.540411100957042478e-01,1.167564912773862762e+00,1.712301111123924358e+00
6.768665031557796752e-01,1.618207128453948318e+00,1.886956049749747510e+00
-1.988829199584372098e+00,-4.329047515641004651e-01,2.477764742273675935e-01
-4.632558227867589196e-01,1.937350734506853911e+00,1.346259285308163189e+00
1.262290772325081800e+00,1.265562362393879425e+00,1.989236941362033662e+00
5.498185686354672974e-01,1.634740623364534073e+00,-1.826857146768111839e+00
3.233039895824507681e-02,-1.593939965726367980e+00,-3.660378560454145003e-01
-1.847319615955558270e-01,-1.056992598297753272e+00,-1.673613087683211820e+00
1.864978345105932078e-01,-1.160414636237521169e+00,-1.776051942407198769e+00
6.812389017514219880e-01,-4.227659407218711252e-01,1.676225816854641337e+00
1.794380118660465762e+00,-5.650351512979217006e-01,1.344831624638953116e+00
-1.254032059701266633e+00,2.424719995464239553e-01,1.992707606295754719e+00
-1.247855582749242576e+00,1.937448866525885105e+00,1.645853440963956693e+00
8.690348701403025622e-01,-9.192344376194783173e-01,-1.370080829414311641e+00
-1.599540449309946766e+00,7.659898671885629895e-01,-3.962013649712829988e-01
-1.986093717881630027e+00,1.974786706786064716e+00,1.493691158112116391e+00
-5.493230440208400900e-01,6.683220824982587516e-01,1.948677681452848809e+00
1.257037954675850333e+00,-4.229641868489952827e-02,1.373404517952214743e+00
-7.943127730921473173e-01,-1.542526087559914494e-01,1.378179670680666824e+00
6.783377514871067326e-01,1.521251453833034173e+00,-1.620878150161344067e+00
6.801285226143329865e-01,1.614009916413178036e+00,-9.527143458715552349e-01
1.317415595135118966e+00,1.559432654194180756e+00,-1.086987548106885804e-01
-1.567450357494504232e-01,-1.958674506560217132e+00,-1.548584621136505746e+00
1.451241087956662845e-01,-3.478950819569641695e-01,-1.927936283908714632e+00
1.696779844466067555e+00,-1.322191737573870540e+00,1.123025557239742511e+00
1.839040416503533670e+00,5.899138435168667094e-01,-9.692740859563961919e-01
1.770996417497042952e+00,1.309403981000684780e+00,-4.268860100901226140e-01
-1.350837149397933867e+00,-1.760570598307184653e+00,-2.709552890771238509e-01
-1.928029882379334481e+00,9.104534791993494913e-01,-1.250483246775426327e+00
9.744686947082579209e-01,1.875034578387191342e+00,-2.501852643610082971e-01
-1.279284746537550976e+00,5.644798751913606694e-01,-2.768601201125964195e-02
-1.810046623814547395e+00,-4.528119941142230154e-01,-1.977684517672375630e+00
1.805033035703012878e+00,-2.517195204762643357e-01,-1.284471976460716203e+00
-1.775980252109193636e+00,-1.506296482689815086e+00,7.417480894418382320e-01
1.826726351285898442e+00,-1.137466807698898297e+00,-5.130514760887496806e-01
1.114172703484729965e+00,-2.933609179243776843e-01,-3.109146083559153340e-01
-7.382512457090277813e-01,-6.106484159317870919e-01,1.618867836407862359e+00
-5.450662922040661051e-01,4.847045819908766262e-01,1.384717651536355731e+00
-1.662319285250518419e+00,7.892897698986067745e-01,7.275771579585756932e-01
-2.765165682631911537e-01,7.143649838676711106e-01,-1.879363637629413830e+00
1.901010783207174537e+00,8.155992776161724578e-02,-3.558995576396815075e-01
-9.376756931030385545e-01,-9.709043831080919063e-01,-1.414121079227925293e+00
-1.250764862750449069e+00,-5.519434114276164927e-01,5.480790741968757374e-01
4.372310655826137094e-01,9.965383370467941759e-01,-1.191338532364278890e+00
1.793245848943108456e+00,8.777555171110362764e-01,-1.672733847542606345e+00
1.493690564863392467e-02,-1.895814780188100013e+00,9.607279144934266490e-01
-1.152431702685170478e+00,-7.865510725224327260e-01,1.445699025870729404e+00
3.875943573745961324e-01,1.506370356496655294e+00,2.629041260930340407e-01
5.638986510177774747e-01,1.620102300062942646e+00,4.714053937386459836e-01
-5.926349192536606303e-01,-1.951805098783730763e+00,-8.785190490502299276e-01
-8.120623744024162427e-01,1.781702575970511848e+00,6.257491807806427886e-01
1.388788241794617573e+00,1.249647392605501839e+00,4.549124062697029736e-01
1.152317198017653865e+00,-1.924493310749930686e-01,8.081520571926681384e-01
1.618533425480948917e+00,-1.625857578706476403e+00,1.997995414547912851e+00
1.326486780606067395e+00,-1.846032972063258448e+00,1.790946932911386291e+00
4.757486821948027078e-01,1.465124063132179355e+00,3.738563128350005371e-01
-7.703297911033146761e-02,-1.083725497313594577e+00,-5.367226539617537817e-01
1.319731633300205154e-01,1.557009258841941080e+00,-1.377993712257664871e+00
1.246073196090534907e+00,1.244437781480757899e+00,1.396224306382579439e+00
1.510701531790596963e+00,-7.501710109402104365e-01,1.426041509861253331e+00
-1.338964898782871948e+00,7.905605685783223535e-01,-1.322076770535733026e+00
-4.389628370144351699e-01,-1.310096322307103822e+00,5.738649137251417010e-01
-4.628313617698203153e-01,1.144550277536080962e+00,5.242550645797314779e-01
1.728104110339145461e+00,3.641427720217751407e-01,3.746939103481969902e-01
-1.572164537790277095e-01,-1.546938070483522942e+00,1.303761332564037367e+00
3.956860832270225892e-01,-5.584586257709061030e-01,1.583437696580385357e+00
-7.829757775130885555e-01,6.544948093776472575e-01,-1.898065617477101785e+00
-7.043856281178442202e-01,-1.959590436863241969e+00,8.388739214448612813e-01
1.437445554810387716e+00,-2.323072426897034859e-01,4.882031695548074701e-01
1.527676236160049772e+00,3.653215185261218245e-01,-6.641429522545654329e-01
5.013946116583531953e-01,-1.150214638570131509e+00,5.733413740904862443e-01
-5.355115521294289138e-01,-4.062965745382451921e-01,-1.723212652096814956e+00
-8.690657201324869519e-02,-6.795258745364143316e-01,-1.683061394429840263e+00
-8.090963328722113879e-01,2.424988051541241418e-01,1.075764116975565177e+00
-1.040458080530580975e+00,8.882895344415460137e-01,-5.086409225063968087e-01
-1.077266783409888795e+00,-1.192837227734511618e+00,1.987474153189299209e-01
-6.722917729233777173e-01,-8.470349034495487928e-01,-1.835229190540909716e+00
-1.748226187046579394e+00,-8.771266786165905494e-01,-7.150232375595533263e-01
-8.553272524641224450e-01,-1.225048489106770333e+00,1.056895002813705631e+00
-1.830421353179310984e+00,2.298598695542128922e-01,1.675908574638818482e+00
2.491520051009832315e-03,-1.884363028918296656e+00,2.851924510772230192e-02
-5.129423367355432362e-01,-9.148918975945719012e-03,1.335008215620983485e+00
1.765472373666476358e+00,-2.972986552104202040e-01,-1.901505565813830678e+00
1.336279177672944574e+00,-1.976702077875553076e+00,1.307593842592530642e+00
1.937826141571003635e+00,1.870516660136767761e+00,-1.497125168281372432e+00
1.878159820429706528e+00,1.941526204114656817e+00,-1.082305988931312690e+00
-4.518336986939863742e-01,-1.698093784193964506e+00,5.990205472943412879e-01
3.403699203556254105e-01,-1.447217229192899968e+00,5.063889288497533947e-01
-1.226419784601801677e+00,-1.714878261705247375e+00,1.939588281247953905e+00
-1.401861841872765968e+00,1.304395205034465377e-01,-1.269438336244030463e+00
1.145787127657568405e+00,-1.957620969884781292e+00,-1.262013408531220016e+00
-1.563361071732161101e+00,1.041223534111052285e+00,6.901358019628140994e-01
1.701902781731727821e+00,8.650629000340672725e-01,1.059654403806874257e+00
1.502646141321145379e+00,1.727165085741944495e+00,4.106131193079098907e-02
-1.616227903457523318e-01,2.131004944160697079e-01,1.070177842775624111e+00
6.255234054205032201e-01,-1.778685530494470868e+00,1.047997895565767390e+00
-4.856850193902206847e-01,-1.486123702031229676e+00,6.246360638866468307e-01
1.126622010695785825e+00,-2.780856192600693610e-01,-1.316486132369185214e+00
-2.512200618943083441e-02,1.208259502655447459e+00,-1.625373417857948422e+00
-1.412045287285691231e+00,-1.339879993980772621e+00,1.384262409223237178e+00
1.567151865502117047e+00,-3.689604384149123284e-01,-2.508507866011435716e-01
2.240085038017580743e-02,8.139719621344827516e-01,-1.262032945421491359e+00
-1.121776982647830767e+00,1.420769170697705697e+00,-1.926323813090977666e-01
6.003259655209536305e-02,-1.141689101985804644e+00,-8.511876229368016133e-01
-1.312256958996327327e+00,-1.030615407173898213e-01,-1.380774362438182301e+00
-1.702314171613064975e+00,8.026483400727593143e-01,4.774080920183187970e-01
1.608340815460432172e+00,-1.236950253591733162e+00,-3.461721646056146184e-01
-1.382649062743479540e+00,-5.287438106437170049e-02,-1.313824273149582389e+00
1.072909355388685260e+00,4.651520920008209714e-01,1.459984029799160865e+00
-1.229407986959124344e+00,6.443262949887547109e-01,1.951938474987656047e+00
-9.216780142839651191e-01,1.651479473065169845e+00,1.720686166763969460e+00
-5.032313838011486240e-01,-6.764078313877952553e-01,-1.581195597214248849e+00
5.838040609329726571e-01,1.528364129339373712e+00,-1.475691262395240066e-01
-7.646737206095792772e-01,7.788902193064446422e-01,1.212042957836845680e+00
2.826566215311872021e-01,-1.772299310961925389e+00,-1.006154310508986516e+00
-1.654886798085591249e+00,1.154860136171248719e+00,1.261356151091763689e+00
1.277592552766170009e+00,-1.868702938788236345e+00,-3.959389478081103420e-01
5.015130269153225129e-01,-1.020335983092204746e+00,3.278763006195890561e-01
9.062374774173078684e-01,-1.779093759672479624e+00,1.111000965918652383e+00
-1.517479083725826516e+00,1.454085603302463170e+00,-2.695582610291640258e-01
2.826260839769219047e-01,1.515205204701759456e-01,-1.863430716010031851e+00
-9.137925263917567875e-01,3.114322455743363527e-01,1.343302502044631197e+00
-1.545462807871725186e+00,7.667614881588349363e-01,1.462474317077124830e-01
1.085555477734323926e+00,-4.534565492863755765e-01,-1.334951088869431146e+00
-1.965630939251454823e+00,1.131611769113477273e+00,-1.123285095736927364e+00
-1.320022642587930672e+00,1.188550677373272357e+00,2.342333324802936545e-03
1.068480371181789401e+00,1.178896866929697307e+00,1.247649713080955181e+00
-1.227894891474849093e+00,-1.248236297988414290e+00,2.056729974642008685e-01
-9.177379103096372504e-01,-1.482747187475218276e+00,5.403084196446479304e-01
-9.235669082024688947e-01,-9.961115418318366999e-01,1.077615647761038353e+00
1.730853976326232058e+00,-1.031941514776186342e+00,-5.173821535729765664e-01
5.980410792050889768e-01,-1.163068790754150594e+00,1.454015624127956041e+00
-1.402608971986857966e+00,1.809282890858614490e+00,1.864641978803621924e+00
-1.136470904908251534e+00,-1.277455406379994773e+00,1.625085772375723270e+00
6.741392625790214588e-01,1.019763887531363711e+00,-1.388073324623134930e+00
3.415665958299221039e-01,-1.251761615896437529e+00,-1.345725256254775015e+00
-8.893597527196202002e-01,-8.424382939273900028e-01,1.224719208925081126e+00
-1.540335357051763499e+00,1.427376884875966923e+00,-3.382144275264726829e-01
-1.754431292148100230e+00,-4.545543189570353526e-01,-1.733571982687097446e+00
1.227403303896416276e+00,1.364573972313373851e+00,1.513618857521675132e+00
7.375129714609793830e-01,-1.627999385528478893e+00,-2.473354492106469849e-01
-1.175239170710254744e+00,1.715364929606905342e+00,-1.863579844303694610e+00
7.451719746299647618e-01,-1.472456513172912818e+00,-4.245519530713686152e-01
2.760058946892285370e-01,9.599869528203623936e-01,-1.879145535421512303e+00
-1.187398316835609258e+00,9.990023665663878560e-01,-1.722025165917910439e+00
-1.606319264531831159e+00,8.675030821174316564e-01,6.463953306070449045e-01
-3.577555435203336742e-01,4.205325304805747066e-01,1.955379094407454055e+00
1.925752351228414927e+00,1.871144332648428943e-01,-1.353954440409205873e+00
1.791392009633476334e+00,-9.483625495278404927e-01,-1.293049197979534437e+00
-1.175442391330791203e+00,-1.548188025995241190e+00,-1.140725693314393663e+00
-1.966456403594796232e+00,-6.621964018798021101e-01,-6.572097156740110968e-01
4.436447119641657721e-01,-1.480002526298583643e+00,-1.168771484850384290e+00
-1.920483197620649563e+00,3.067831588677774057e-01,-1.755619811661433882e+00
-1.400188827342034870e-01,-1.898849677876790931e+00,-1.306777004667866837e+00
-1.721795091769258157e-01,2.440475398654391448e-01,-1.928458240588065475e+00
-1.269074570766428600e-01,-1.264898900325459596e+00,-1.413610017875127856e+00
5.420594437095891394e-01,1.706759644079332006e+00,-2.698594626336978664e-01
9.402377254302365372e-01,-1.816979323264751311e+00,1.961762735264724000e+00
1.337134436027837658e+00,1.864422270553975913e+00,-1.626827168212727770e-01
-1.678707088494126864e+00,1.449563166389071345e+00,7.705715102874908240e-01
4.485266509615084551e-01,1.385571097404255436e+00,-5.968364426428562908e-01
1.309508759467804317e+00,-7.044733885965750453e-01,1.121582355212789928e+00
-1.361439371836557832e+00,1.211896001248336852e+00,-1.625188550240189045e+00
7.767828913437702099e-01,-1.696593226496781348e+00,3.859537402603656631e-01
-5.622348055058958849e-01,-1.961844413266636611e+00,-2.998632877933715690e-01
-4.658012443828383198e-01,-2.216659156477414072e-01,1.700042429780012299e+00
-1.456110105463585658e+00,1.503110759185455336e+00,-1.587138168686670348e-01
1.980019788347008092e+00,-1.382534872866225228e+00,-9.929504972339397995e-01
1.962750262359960196e+00,7.259822209658146619e-01,-1.334566493398838816e+00
-9.704882193151220804e-02,-1.174794516220768692e+00,8.839505345342311138e-01
-1.667219665091186798e+00,6.436862532050287022e-01,1.634018985221386888e+00
-1.390298644979265585e+00,1.036369776230699369e+00,5.125433571571669233e-02
-8.685736778791026680e-01,7.185787944423585039e-01,-1.146000327357327819e+00
1.212356926280376168e+00,-1.304695220991086035e+00,2.377369133265734291e-01
7.687872986971306943e-01,-2.411872857052683727e-01,1.319646521600021050e+00
1.975906610614561298e+00,1.322220242810520752e+00,-2.257942416893454762e-01
-1.132300834871480255e+00,1.082021259023648874e-01,1.387485173445925923e-01
3.201619467820302489e-01,-1.516932888563820470e+00,-1.507568545686494232e+00
-1.354869264571271881e+00,-1.483259527612548645e+00,-2.131483082514171734e-01
1.481324650416410371e+00,-3.094773704593301034e-02,-7.412291397912071922e-01
9.830059196509437491e-01,1.013728733037066121e+00,-1.642278602390511821e+00
-4.142941212338864254e-01,-1.980115807375425252e+00,-7.585451929510678148e-01
5.055814317721556428e-01,1.796087814192946386e+00,1.443116176681773499e+00
7.938213270642280328e-01,-1.009343080443718677e+00,-1.786884294139342799e+00
1.784379025374672523e+00,-4.886399946885759960e-01,-4.600363310142836504e-01
1.856151195977557400e+00,1.464354586289483784e+00,-9.526895746617030092e-01
1.287190002197873717e+00,6.351685893584013698e-02,1.987845961523608818e+00
1.734579537668861970e+00,1.073002272396234247e+00,-9.852055059221225264e-01
1.695458883680219575e+00,-1.837462709962295992e+00,-2.927754508914581777e-04
-1.087870461773368547e+00,-1.860529381677492378e+00,-1.178738729390480522e-01
-1.315267018972714919e+00,7.360768832653197258e-01,-9.931070672629167539e-01
1.674786617963827329e+00,5.404569795434639445e-01,-1.097575326750711344e+00
-1.243812784221653978e+00,-1.555821970420133038e+00,-1.432017443156932135e+00
-2.054782439938067640e-01,-1.831037755928000887e+00,9.103232816886652756e-02
1.356788549929194510e+00,8.894034300581989960e-01,1.883012615367652742e+00
-8.770027752039375457e-01,1.587542006080436163e+00,-7.729657445400563986e-01
-8.470817973104303178e-01,-3.892124955171820666e-01,-1.662632905529144001e+00
7.309528379832714862e-01,1.714679712727360084e+00,6.061486683522510077e-02
-1.856461863874740548e+00,1.061093398937724253e+00,-1.522648801911820726e+00
1.670088702124691071e+00,1.617475993449194238e+00,-1.675293921044189283e+00
-1.207180797470533307e+00,-1.211732251459928911e+00,1.561641002410362855e+00
-7.075152827471709038e-01,-6.367458800905971827e-01,-1.085354507481275377e+00
-8.149310494991510723e-01,-1.708373323716270153e+00,1.463164508478894899e+00
1.877134009685577531e+00,-1.198004819874870286e+00,1.750227772527419123e+00
1.053851264368699248e-01,1.181317489328187698e+00,1.410568751527315090e+00
1.880192568082756477e+00,5.919427941763757417e-01,-8.233870023685474493e-01
1.293866389406244988e+00,-6.887737270620153396e-02,-9.685206527877823213e-01
6.659183460197448667e-02,1.266225017809122111e+00,-8.626332823579172526e-01
-1.698087990321615504e+00,1.570514609027129360e-01,-1.296611787555704609e+00
4.183605891046466851e-01,1.274474996715900588e+00,1.975286312137572331e+00
5.782322911059392112e-01,-1.548137523579510066e+00,-1.528563711802704006e+00
1.048008076137638689e+00,8.907545506570127003e-01,-8.661585126606312635e-01
-1.573842785740149353e+00,7.326566537570089466e-01,1.074761376699775006e+00
9.622450979438879060e-02,-1.450299817215217058e+00,1.206290429650489937e+00
-1.787090784997090953e+00,1.139956139148514680e+00,2.948205185257122274e-01
-1.815845172242460226e+00,7.425695530643929843e-01,-1.305489531782300539e+00
-1.866632628381704073e+00,-1.797401349761474698e+00,-1.748636940556556940e+00
-1.801169157680845956e+00,1.513439620541792596e+00,-1.051086819168011388e+00
1.530364595861130272e+00,1.260326742812076795e+00,-8.970795902063675165e-01
-7.867523577860016104e-01,-6.847762872520819499e-01,1.317818085508358994e+00
2.320595368640283596e-01,-7.342493522078652468e-01,1.607376593711428381e+00
1.824292397676857025e+00,7.581962358021367976e-01,-1.452768791396220838e+00
-1.108838508567856707e+00,-7.609607646755982557e-01,-3.325804229047029104e-01
-1.706492645195706981e+00,1.401957571909681288e+00,9.079803062415097159e-01
1.851208760241546791e+00,-1.808107842372906671e+00,1.287903731092590043e-01
2.976631744594504525e-01,-4.437294051580220611e-01,1.597455647785558597e+00
6.959336772973845342e-01,-1.973360945765234575e-02,1.785444169508985546e+00
7.022702799330655665e-01,6.513275310099939652e-01,1.242410261376004854e+00
6.155842737803793874e-01,-1.332571508038223218e+00,-2.181684946701527572e-01
-2.398963282575725664e-01,-6.759876947544465331e-01,1.683163830917048465e+00
1.541075957295886312e+00,1.049110742684641551e+00,-1.522421203270778012e+00
-1.295010283041571064e+00,-3.435852993549701750e-01,4.155248561326279066e-01
1.680381772141193775e+00,-6.612164920070364715e-01,6.292535941251831133e-01
-3.987365369295576834e-01,1.538647714848893955e+00,1.095626498486264033e+00
-1.582506653909643290e-02,1.056822293614514408e-01,1.094302273200753906e+00
-1.488441938264229325e+00,-6.446998823135774437e-01,1.404009385611818317e+00
4.648463598837140331e-01,1.636168085841046338e+00,-1.077616637155594415e+00
-1.266857041203177658e-01,-8.098610894299258511e-01,-1.566778055263871927e+00
-1.516849449447039699e+00,-1.146119804095608430e+00,9.283789937089665933e-01
-4.885992691580356428e-01,-1.581873834647689048e+00,-8.699164821951193005e-01
1.464938654503205484e+00,2.966583669541718038e-01,-1.012970941597103103e+00
-2.576155051876272140e-02,-5.438859060149336955e-01,-1.796823785108136562e+00
-1.449381942070184781e+00,-3.964372960104212140e-02,-8.758789338593286899e-02
3.574859513947838963e-01,-1.726554682779940730e+00,4.756424018794565001e-01
-1.889873920273621000e+00,9.236293656247052120e-01,8.760538024496509202e-01
-1.449325768986338137e+00,2.998178863920366588e-01,-1.804796371297596735e-01
-1.024441768476564096e+00,1.667031608084178718e+00,9.426622496551573249e-02
-1.008375318662480868e+00,4.484091710194708646e-01,1.204342081354488947e+00
9.984237853945936436e-01,-1.824261457013909737e+00,3.030585805506045283e-01
-1.098800814003581650e+00,1.010651224416150296e+00,7.213610958005656215e-03
-3.091401984409900550e-01,-1.852430118428551875e+00,4.919731065931722824e-01
1.564964327389167131e+00,1.637208461255227121e+00,1.167909280280328144e+00
-1.590216184023346191e+00,1.570490617192256355e+00,-5.206933544717746720e-01
-1.579703883713863277e+00,1.776912772424957154e+00,-4.328239721193285483e-01
1.647443952140823509e+00,9.098288072777682700e-01,-4.297918258865567331e-01
-1.314752921472511105e+00,-8.959626498001607153e-01,1.640193427798862569e+00
1.673831540472748625e+00,-1.600328674584680755e+00,1.999248828621426277e+00
-3.936131667549069846e-01,1.058553404059776160e+00,1.754188630818708461e+00
-1.954327182023651410e+00,1.211270330151561936e+00,-1.757808046313055872e+00
-1.098427889926212764e+00,6.764766640317314561e-01,-7.272228008810830424e-01
5.146414248318533780e-01,4.675192729967743155e-01,-1.141408729443552428e+00
-1.322200977722067794e+00,7.823073966917255539e-01,-6.532640445899429160e-01
-1.175261843591163924e+00,2.449987735203231765e-01,1.877052235377180356e+00
1.266820886214672814e+00,-8.247887250821674954e-01,5.069651081798034475e-01
-1.921764014297872691e+00,3.905947962458951039e-01,-1.764877059949249816e+00
1.933695889963100711e+00,-4.867657003790224479e-01,4.576617583536002343e-03
-1.848641874549371789e+00,-9.493072628600649487e-01,6.831651373910596625e-01
-2.359422184833559477e-01,1.730019792166610948e+00,-1.103259977338844511e+00
-8.323440986678765086e-02,1.482562043030472232e+00,9.781891597507512692e-01
-1.785877517867012543e+00,1.272460238010084677e+00,-1.850627578271323515e+00
1.746176690949114541e+00,1.221735930915932133e+00,-1.745951186809319378e+00
1.742560023675205905e+00,6.589169970299804113e-01,-1.864503304312365994e+00
-1.463957741802926815e+00,-6.533334707447893130e-01,1.535280334217250964e+00
-1.801420208343165186e+00,6.877834648218046354e-01,8.674255922100959637e-02
-4.504769808845612289e-01,5.336545579425218122e-01,1.636554770493382271e+00
-1.960223351892055099e+00,-2.332082017831798026e-01,-8.110042099812808658e-02
5.877681598304143051e-01,1.720859072994112449e+00,-1.363492976525949807e+00
1.396915869990780656e+00,-3.131395743411791166e-01,-1.586420268054912874e+00
-8.132519088130822915e-01,-7.908558897924202746e-01,1.318640725504644617e+00
-1.127497298467994735e+00,6.903803233843008869e-02,9.792530985476983751e-01
2.083069519531886016e-01,-1.035671334063748450e+00,1.859811143793875132e+00
1.841446992992182174e+00,1.625272998303296301e+00,4.608245522837290942e-01
3.222046291107849569e-02,1.561718293262823742e+00,-9.397294686614801051e-01
9.289930538468040844e-01,-5.968645180055380806e-01,-1.669800211889834074e+00
6.648160613185183365e-03,-1.324282550139268100e+00,-9.717682943616128277e-01
4.980517516634090924e-01,-1.066026860868232173e+00,6.846031035725719249e-02
-8.793227594233696820e-01,1.074069003691111135e+00,1.837413482806882215e+00
1.597037874699265281e+00,3.971158126249703102e-01,-1.379886008176887113e+00
1.679080469545082721e+00,1.951290362830138569e+00,1.371897608137508495e+00
3.644755480155077443e-01,-8.539118513260577359e-01,-1.319240842506608224e+00
1.554885471063380820e+00,-2.465929284891732465e-02,1.513187805985355183e+00
1.547775241908363242e+00,-1.993309021374768619e+00,6.504580078099895246e-01
1.481567912213100691e+00,-1.208873421509669921e+00,1.639140913370032315e+00
-3.655132394652245154e-01,-5.038018007443234580e-01,1.261352119325477972e+00
-1.597162234619016186e+00,5.427807628020882014e-01,-8.262783464040892589e-01
-1.751685269340551798e+00,-1.586795006812785402e+00,2.110096209106666620e-01
-2.961766904237483899e-01,-6.721831717478892188e-01,-1.819000518753994378e+00
-1.892441777016474536e+00,4.585673316262210975e-01,-6.064831234343968092e-01
-1.271651501658889849e+00,1.011793237017700520e+00,-1.907084148267083723e+00
-1.213375149300941480e+00,1.219567808214329308e+00,3.184125109091442418e-01
-1.237344575067128361e+00,-1.079861440024688424e+00,1.417425172707904135e+00
-1.169169261970492091e+00,1.622593368873571862e+00,1.320478364200944554e+00
1.270976488619450784e+00,3.747224967230358139e-01,4.519433758534092682e-01
-5.982902515063459603e-01,1.666084976845835008e+00,7.366914676823848040e-01
1.894764873454319432e+00,1.640446001009169930e+00,-3.706811662705566945e-02
1.972507842460651251e+00,-1.353049000098122345e+00,1.897975679734945853e+00
1.195507193032389281e+00,1.853648996575924190e+00,1.505370826229084358e-01
-1.499671138756778710e+00,-5.842206830697240783e-01,-3.866022277950786901e-02
-1.073625049744157955e+00,2.695958056816527559e-01,-1.931398043147480870e+00
-1.012639777588087764e+00,8.198315735491155110e-01,2.028593218619918481e-01
1.813863801142130860e+00,3.426390000855383811e-01,-2.229186312768431932e-01
-1.849073189003325179e+00,-7.162343365879539903e-01,-1.084673303849050363e+00
-1.383520633120138399e+00,1.213058771437070416e+00,-1.122443713612709448e+00
-1.071342385032561406e+00,1.040395573170576515e+00,5.282335864355136579e-02
-1.375738398564733789e+00,-8.500942061025251739e-01,-1.778644726787393271e+00
-1.328844153188872390e+00,6.095682120374377178e-01,-9.087104153530987105e-01
-1.740518083123998583e+00,-1.345681239896952874e+00,6.672266645913937921e-02
-1.095573853277169274e+00,-1.244847366555880797e+00,1.669516933034738138e+00
-7.906635579810838976e-01,-1.267463639533347397e+00,6.517534793415644678e-01
-1.431930392910474303e-01,-1.231565563027645638e+00,-7.759137095172845555e-01
1.382246322569327557e+00,1.658199840431999750e+00,8.138341987081467721e-01
-3.765325901796856556e-01,-9.193806999344715791e-01,1.253877481499275692e+00
5.999422356834274161e-01,9.703814378031645482e-01,-1.548561440534987454e+00
-3.224676336556306921e-01,-1.377487314433702537e+00,1.113890725340470844e+00
-1.051146724889506778e-01,1.126567267864904132e+00,-1.231035083166867494e+00
1.237418763191571625e+00,1.106231106005677312e-01,6.881249946822265429e-02
-6.477618626718277817e-01,-9.103623174519208661e-01,-1.082553368022077578e+00
1.080274486088504293e+00,1.610842488544224960e+00,8.872301147268450983e-01
1.169818579343444132e+00,-1.325112952935494803e+00,7.356453229950421502e-02
1.516197184632286366e-01,9.308624530759792570e-01,-1.039195606799171667e+00
-1.346061284272588754e+00,1.589976710451137532e+00,-6.372684376245900673e-01
-1.250741762091176490e+00,7.586100384733112101e-01,3.622099988599991605e-01
-1.977340576128303162e+00,-1.894651254555597575e+00,-3.092247277076212164e-01
1.506623649077916127e+00,-7.611763541275617939e-01,-1.550611229392084400e+00
-1.044887325100721132e+00,1.095780960072047172e+00,-2.223955929269574305e-01
-1.743204736708899194e+00,-1.882235960623497295e+00,1.597434989147570761e+00
-1.468335513554766436e+00,-1.126044586668935032e-01,-3.192856903127729851e-01
-4.969610005153235477e-02,-1.688240836231878372e+00,2.849486099184419530e-01
1.716407622931852561e+00,1.111563943948255861e+00,9.493862617081165745e-01
-1.962733831028028675e+00,1.878510570782568667e+00,-1.951540202202216800e+00
-4.077621975406291455e-01,-1.829801806661526697e+00,-3.163371767232838749e-01
-1.356857718048800177e+00,1.457762789291138006e+00,-5.311302482907152012e-01
-2.768117280505486555e-01,1.820054511398560670e+00,-1.781994576917478312e-02
-1.655783127459039772e+00,-1.991934556388529121e+00,-1.385736287798820410e+00
-6.935842338569235821e-01,1.011024560100869607e+00,1.390972250642620089e+00
4.539981299734066056e-01,-1.764315684953486674e+00,6.222712886211612116e-02
-1.027950201974948019e+00,-5.682797327671829102e-01,-1.916131031660155415e-01
1.479755242368784085e+00,1.741260312627928908e+00,-4.622336335233252491e-01
-1.137612892921706198e+00,1.096269704740975293e-01,-9.238710681489852306e-01
-8.879738696650454344e-01,1.780668419116985923e+00,1.539625349543009225e+00
-8.957280063892572031e-01,1.502578453299200145e+00,1.689878740670418988e+00
1.152017422760690746e+00,-6.984753909508287784e-01,-1.053956343519452332e+00
1.705451504213649994e+00,1.842912195436809952e-01,-2.656791397774189711e-01
-1.230133270878837060e+00,1.400471159898443840e+00,1.094819454899770061e+00
-1.277603451697007841e+00,1.872025911084989502e+00,5.195978560594096685e-01
-1.945599652056870799e+00,-1.690687482582523327e+00,1.354248789998813596e+00
1.479562924000421109e+00,-5.478732796109135883e-01,-5.227053508749990307e-01
-1.166079531282842474e+00,5.240456728165150402e-01,-9.689198019069173995e-01
-1.413381417254876649e+00,-5.522780942129985604e-01,1.924050685024977003e+00
1.759867096882497872e+00,7.681214219248273523e-01,1.420700572172458376e+00
7.782305045173085745e-01,-1.445991615767027838e+00,1.749861963941596432e+00
-3.120652401819841160e-01,1.486695276491546647e+00,4.979274870111911611e-01
-1.123175261052774321e+00,9.593388538390716924e-01,-2.194941681323170357e-01
1.077694366290637085e+00,7.163186330595130435e-01,-1.591604441241222023e+00
1.135572951255319651e+00,-9.269497960065096187e-01,6.508947938832694291e-01
-4.823360910421987668e-01,-1.918606234990850812e+00,8.685751809857906736e-01
2.590600323195983989e-01,1.765466019498391770e+00,-1.057146523932075421e+00
-1.435079749985741504e+00,-4.058502797067031764e-01,-5.990420291860467650e-01
-4.892970308425290682e-01,-8.507984397739032367e-01,1.654430382969042768e+00
-1.756698836355128801e+00,1.657498535047729593e+00,9.781936955849102056e-01
1.266997637366316987e+00,-5.037151114733302570e-01,9.988470290517335037e-01
-1.868539187535334101e+00,6.310812906605121064e-01,-9.011374257699515944e-01
3.779127041362211337e-01,-1.864571119446519099e+00,9.918727333412129532e-01
9.659316756296609796e-01,-8.211264491953995659e-02,1.892930472510608197e+00
8.449926593056908963e-01,-1.636814310451763621e+00,-1.076588909909365288e+00
-1.137211462059926514e+00,-8.665772446248065641e-01,4.024431914502271113e-01
1.162806687600304478e+00,-1.508004746692326759e+00,7.580326613525842916e-01
1.865665156670779812e+00,1.079890226845857892e+00,-3.662327940804521731e-01
-8.664702590408994709e-01,7.560930075478022871e-01,1.111095196534558127e+00
-2.749071333231913883e-01,-4.015644231457478064e-01,-1.401036011330763831e+00
-1.241592905644452571e+00,4.188728334934159747e-01,9.114923951835516291e-01
9.620670713204271252e-01,5.126843132939118419e-02,-1.556618479561139079e+00
-1.400332699521001256e+00,-2.516571160792033801e-01,2.872244494262043979e-01
-1.375035248455289238e+00,-8.704513286704385067e-01,1.854391847045903763e+00
3.496705634522419004e-01,1.454200491897390535e+00,-1.847875715123635576e+00
4.470466312469532078e-01,-1.471526883576977252e+00,1.905770756820905021e+00
-8.681332119743108144e-01,-1.650262804881612588e-01,-1.881693417510985622e+00
4.263798855229881113e-01,-1.193183354803685425e+00,-6.696136432443497988e-01
